random = ,257
random = ,674
random = ,880
random = ,3
random = ,533
random = ,533
random = ,533
random = ,533
random = ,533
random = ,533
random = ,533
random = ,533
random = ,533
random = ,533
random = ,533
random = ,533
random = ,533
random = ,533
random = ,533
random = ,533
random = ,533
random = ,533
random = ,533
random = ,533
random = ,533
random = ,533
random = ,533
random = ,533
random = ,533
random = ,533
random = ,533
random = ,533
random = ,533
random = ,533
random = ,533
random = ,533
random = ,533
random = ,533
random = ,533
random = ,533
random = ,533
random = ,533
random = ,533
random = ,533
random = ,533
random = ,533
random = ,533
random = ,533
random = ,533
random = ,533
random = ,533
random = ,533
random = ,533
random = ,533
random = ,533
random = ,533
random = ,533
random = ,533
random = ,533
random = ,533
random = ,533
random = ,533
random = ,533
random = ,533
random = ,533
random = ,533
random = ,533
